trip_type,PULocationID,demand
yellow,1,125
yellow,2,1
yellow,3,101
yellow,4,2739
yellow,6,22
yellow,7,1654
yellow,8,13
yellow,9,48
yellow,10,446
yellow,11,52
yellow,12,304
yellow,13,5960
yellow,14,373
yellow,15,42
yellow,16,72
yellow,17,892
yellow,18,200
yellow,19,71
yellow,20,105
yellow,21,111
yellow,22,184
yellow,23,8
yellow,24,2438
yellow,25,1029
yellow,26,240
yellow,27,9
yellow,28,277
yellow,29,130
yellow,30,5
yellow,31,26
yellow,32,138
yellow,33,1122
yellow,34,152
yellow,35,651
yellow,36,744
yellow,37,1278
yellow,38,90
yellow,39,744
yellow,40,312
yellow,41,3857
yellow,42,2598
yellow,43,12610
yellow,44,1
yellow,45,1939
yellow,46,23
yellow,47,181
yellow,48,22145
yellow,49,727
yellow,50,6179
yellow,51,293
yellow,52,334
yellow,53,81
yellow,54,89
yellow,55,283
yellow,56,265
yellow,57,20
yellow,58,15
yellow,59,7
yellow,60,122
yellow,61,1562
yellow,62,497
yellow,63,287
yellow,64,40
yellow,65,1186
yellow,66,1056
yellow,67,96
yellow,68,24225
yellow,69,385
yellow,70,2722
yellow,71,516
yellow,72,605
yellow,73,38
yellow,74,3553
yellow,75,6818
yellow,76,1111
yellow,77,285
yellow,78,221
yellow,79,23632
yellow,80,1141
yellow,81,138
yellow,82,670
yellow,83,240
yellow,84,2
yellow,85,331
yellow,86,177
yellow,87,6524
yellow,88,3230
yellow,89,910
yellow,90,14393
yellow,91,489
yellow,92,263
yellow,93,521
yellow,94,95
yellow,95,574
yellow,96,18
yellow,97,1139
yellow,98,59
yellow,100,13221
yellow,101,62
yellow,102,143
yellow,106,234
yellow,107,18233
yellow,108,123
yellow,109,1
yellow,111,1
yellow,112,1116
yellow,113,13012
yellow,114,13699
yellow,115,6
yellow,116,1658
yellow,117,212
yellow,118,5
yellow,119,214
yellow,120,17
yellow,121,159
yellow,122,104
yellow,123,181
yellow,124,139
yellow,125,4774
yellow,126,167
yellow,127,363
yellow,128,37
yellow,129,1092
yellow,130,1082
yellow,131,170
yellow,132,39469
yellow,133,201
yellow,134,277
yellow,135,128
yellow,136,128
yellow,137,10321
yellow,138,25605
yellow,139,118
yellow,140,17783
yellow,141,20205
yellow,142,27308
yellow,143,10367
yellow,144,10521
yellow,145,1860
yellow,146,870
yellow,147,114
yellow,148,11344
yellow,149,119
yellow,150,51
yellow,151,7166
yellow,152,1102
yellow,153,38
yellow,154,8
yellow,155,217
yellow,156,2
yellow,157,400
yellow,158,9540
yellow,159,326
yellow,160,147
yellow,161,41219
yellow,162,30088
yellow,163,24439
yellow,164,20158
yellow,165,232
yellow,166,5265
yellow,167,255
yellow,168,654
yellow,169,221
yellow,170,25279
yellow,171,79
yellow,172,2
yellow,173,163
yellow,174,144
yellow,175,49
yellow,176,1
yellow,177,583
yellow,178,56
yellow,179,628
yellow,180,124
yellow,181,953
yellow,182,257
yellow,183,57
yellow,184,12
yellow,185,105
yellow,186,30264
yellow,187,4
yellow,188,1004
yellow,189,360
yellow,190,67
yellow,191,207
yellow,192,61
yellow,193,611
yellow,194,47
yellow,195,373
yellow,196,258
yellow,197,643
yellow,198,403
yellow,200,90
yellow,201,48
yellow,202,133
yellow,203,114
yellow,205,307
yellow,206,1
yellow,207,75
yellow,208,136
yellow,209,2158
yellow,210,192
yellow,211,8094
yellow,212,201
yellow,213,304
yellow,214,8
yellow,215,379
yellow,216,803
yellow,217,169
yellow,218,214
yellow,219,241
yellow,220,161
yellow,221,15
yellow,222,230
yellow,223,559
yellow,224,1931
yellow,225,919
yellow,226,1607
yellow,227,159
yellow,228,465
yellow,229,14904
yellow,230,29818
yellow,231,13202
yellow,232,2386
yellow,233,10031
yellow,234,25300
yellow,235,253
yellow,236,36843
yellow,237,42514
yellow,238,16814
yellow,239,23515
yellow,240,39
yellow,241,172
yellow,242,177
yellow,243,785
yellow,244,1823
yellow,245,2
yellow,246,17080
yellow,247,362
yellow,248,172
yellow,249,20746
yellow,250,148
yellow,251,5
yellow,252,57
yellow,253,6
yellow,254,255
yellow,255,1801
yellow,256,1311
yellow,257,115
yellow,258,277
yellow,259,153
yellow,260,650
yellow,261,4739
yellow,262,12149
yellow,263,16768
yellow,264,1637
yellow,265,454
fhv,2,1
fhv,3,2283
fhv,4,2811
fhv,5,293
fhv,6,586
fhv,7,9650
fhv,8,39
fhv,9,868
fhv,10,3303
fhv,11,1166
fhv,12,98
fhv,13,4266
fhv,14,5508
fhv,15,712
fhv,16,2083
fhv,17,8131
fhv,18,4821
fhv,19,867
fhv,20,2961
fhv,21,2674
fhv,22,3508
fhv,23,1577
fhv,24,1289
fhv,25,5866
fhv,26,5021
fhv,27,84
fhv,28,2558
fhv,29,2037
fhv,30,68
fhv,31,455
fhv,32,2463
fhv,33,4794
fhv,34,922
fhv,35,6079
fhv,36,7936
fhv,37,11019
fhv,38,1306
fhv,39,7305
fhv,40,2418
fhv,41,6559
fhv,42,8724
fhv,43,1519
fhv,44,438
fhv,45,2578
fhv,46,208
fhv,47,3325
fhv,48,9436
fhv,49,6138
fhv,50,5309
fhv,51,3968
fhv,52,1532
fhv,53,1542
fhv,54,569
fhv,55,2782
fhv,56,3122
fhv,57,249
fhv,58,343
fhv,59,108
fhv,60,2354
fhv,61,12982
fhv,62,3680
fhv,63,3028
fhv,64,736
fhv,65,4748
fhv,66,3738
fhv,67,1831
fhv,68,10426
fhv,69,5200
fhv,70,2477
fhv,71,4278
fhv,72,5075
fhv,73,1051
fhv,74,6916
fhv,75,6120
fhv,76,11275
fhv,77,2858
fhv,78,4399
fhv,79,11864
fhv,80,7701
fhv,81,2893
fhv,82,7434
fhv,83,2412
fhv,84,487
fhv,85,3098
fhv,86,2262
fhv,87,6038
fhv,88,2513
fhv,89,7942
fhv,90,6353
fhv,91,4959
fhv,92,5543
fhv,93,862
fhv,94,2041
fhv,95,6939
fhv,96,155
fhv,97,6634
fhv,98,971
fhv,99,22
fhv,100,5269
fhv,101,974
fhv,102,2591
fhv,106,2189
fhv,107,7068
fhv,108,1423
fhv,109,678
fhv,110,3
fhv,111,30
fhv,112,9823
fhv,113,5557
fhv,114,5887
fhv,115,885
fhv,116,4535
fhv,117,1671
fhv,118,986
fhv,119,3316
fhv,120,91
fhv,121,2332
fhv,122,1253
fhv,123,3015
fhv,124,1550
fhv,125,3400
fhv,126,3270
fhv,127,3752
fhv,128,294
fhv,129,7865
fhv,130,8134
fhv,131,1585
fhv,132,16864
fhv,133,1961
fhv,134,2341
fhv,135,1848
fhv,136,2771
fhv,137,5023
fhv,138,20244
fhv,139,2081
fhv,140,5450
fhv,141,6155
fhv,142,6443
fhv,143,4924
fhv,144,6677
fhv,145,8760
fhv,146,2643
fhv,147,2127
fhv,148,9844
fhv,149,2388
fhv,150,1030
fhv,151,2758
fhv,152,2161
fhv,153,956
fhv,154,94
fhv,155,2667
fhv,156,1411
fhv,157,3386
fhv,158,5683
fhv,159,4579
fhv,160,2255
fhv,161,11494
fhv,162,7703
fhv,163,8144
fhv,164,9946
fhv,165,3070
fhv,166,4170
fhv,167,3720
fhv,168,6542
fhv,169,4722
fhv,170,8553
fhv,171,2092
fhv,172,633
fhv,173,2561
fhv,174,4238
fhv,175,847
fhv,176,360
fhv,177,4139
fhv,178,998
fhv,179,3713
fhv,180,1760
fhv,181,9698
fhv,182,2686
fhv,183,1311
fhv,184,281
fhv,185,3194
fhv,186,6304
fhv,187,768
fhv,188,7708
fhv,189,3654
fhv,190,554
fhv,191,3030
fhv,192,1343
fhv,193,1675
fhv,194,226
fhv,195,2025
fhv,196,2700
fhv,197,4429
fhv,198,6440
fhv,200,2137
fhv,201,726
fhv,202,688
fhv,203,1998
fhv,204,267
fhv,205,4377
fhv,206,2047
fhv,207,208
fhv,208,3296
fhv,209,2185
fhv,210,3168
fhv,211,5487
fhv,212,2712
fhv,213,4924
fhv,214,820
fhv,215,3211
fhv,216,6854
fhv,217,1700
fhv,218,2146
fhv,219,1908
fhv,220,3716
fhv,221,1410
fhv,222,1256
fhv,223,4924
fhv,224,1917
fhv,225,8019
fhv,226,6306
fhv,227,2551
fhv,228,4993
fhv,229,5427
fhv,230,11870
fhv,231,10943
fhv,232,4135
fhv,233,5344
fhv,234,10429
fhv,235,4291
fhv,236,6716
fhv,237,8156
fhv,238,4853
fhv,239,5883
fhv,240,698
fhv,241,3780
fhv,242,3962
fhv,243,5404
fhv,244,7582
fhv,245,809
fhv,246,10369
fhv,247,5372
fhv,248,2553
fhv,249,8542
fhv,250,2462
fhv,251,807
fhv,252,1350
fhv,253,35
fhv,254,5018
fhv,255,10218
fhv,256,8268
fhv,257,1484
fhv,258,3279
fhv,259,3354
fhv,260,4567
fhv,261,3721
fhv,262,3318
fhv,263,5107
fhv,265,49
